shell weight,whole weight
0.15,0.514
0.07,0.2255
0.21,0.677
0.155,0.516
0.055,0.205
0.12,0.3515
0.33,0.7775
0.26,0.768
0.165,0.5095
0.32,0.8945
0.21,0.6065
0.135,0.406
0.19,0.5415
0.205,0.6845
0.185,0.4755
0.24,0.6645
0.115,0.2905
0.13,0.451
0.1,0.2555
0.115,0.381
0.075,0.2455
0.085,0.2255
0.27,0.9395
0.2,0.7635
0.305,1.1615
0.3,0.9285
0.285,0.9955
0.28,0.931
0.295,0.9365
0.2,0.8635
0.33,0.9975
0.46,1.639
0.35,1.338
0.455,1.798
0.49,1.7095
0.125,0.4795
0.34,1.217
0.145,0.5225
0.26,0.883
0.09,0.3275
0.115,0.425
0.27,0.8515
0.02,0.07
0.012,0.042
0.015,0.042
0.075,0.203
0.14,0.5795
0.15,0.4605
0.045,0.161
0.245,0.8355
0.19,0.595
0.1,0.303
0.16,0.5415
0.15,0.4775
0.11,0.385
0.22,0.6615
0.135,0.4425
0.17,0.5895
0.025,0.086
0.175,0.583
0.135,0.4115
0.175,0.625
0.2,0.6965
0.1,0.3785
0.185,0.58
0.135,0.48
0.32,0.915
0.485,1.285
0.17,0.5305
0.045,0.151
0.275,0.7665
0.1,0.353
0.425,1.247
0.38,1.185
0.315,1.098
0.28,1.0075
0.315,0.944
0.305,0.922
0.285,0.788
0.345,1.1025
0.285,0.941
0.675,1.615
0.32,0.9885
0.58,1.3175
0.36,1.013
0.44,1.295
0.4,1.195
0.26,0.8645
0.165,0.517
0.33,0.9775
0.255,0.8115
0.26,0.755
0.39,1.115
0.39,1.262
0.485,1.494
0.48,1.606
0.25,0.725
0.145,0.523
0.165,0.5225
0.155,0.5785
0.075,0.2315
0.255,0.843
0.335,0.883
0.205,0.724
0.345,1.1735
0.235,0.727
0.28,0.802
0.22,0.6675
0.2,0.6335
0.13,0.3635
0.155,0.5415
0.175,0.431
0.105,0.3325
0.165,0.393
0.21,0.6935
0.18,0.5915
0.22,0.6125
0.165,0.402
0.31,0.8825
0.085,0.2605
0.14,0.4205
0.085,0.2535
0.255,0.766
0.07,0.214
0.07,0.1755
0.03,0.073
0.07,0.238
0.08,0.2505
0.54,1.7255
0.78,1.959
0.41,1.262
0.129,0.4035
0.062,0.1915
0.068,0.211
0.028,0.0975
0.1355,0.406
0.048,0.156
0.063,0.2005
0.117,0.3555
0.0925,0.253
0.2475,0.826
0.2665,0.741
0.4465,1.3445
0.2425,0.797
0.17,0.5175
0.174,0.549
0.1565,0.515
0.042,0.127
0.0125,0.0315
0.01,0.03
0.325,1.053
0.335,1.1185
0.45,1.3715
0.355,1.0565
0.31,0.9885
0.21,0.722
0.34,0.994
0.635,1.514
0.285,0.9075
0.44,1.124
0.34,1.056
0.28,1.222
0.345,1.2445
1.005,2.141
0.815,1.752
0.725,2.55
0.85,2.124
0.65,1.842
0.76,1.981
0.62,1.6185
0.59,1.9565
0.255,0.775
0.285,1.065
0.22,0.776
0.015,0.048
0.075,0.1785
0.035,0.125
0.05,0.1435
0.015,0.0465
0.35,0.97
0.295,0.9395
0.57,1.368
0.3,1.0235
0.325,1.0165
0.46,1.5675
0.355,1.218
0.285,1.0525
0.38,1.383
0.315,1.199
0.29,0.9325
0.325,1.1595
0.36,1.0225
0.36,0.927
0.15,0.22
0.195,0.8145
0.245,0.772
0.21,0.644
0.465,1.3035
0.26,0.922
0.285,0.922
0.135,0.4165
0.285,0.825
0.23,0.63
0.275,0.8155
0.12,0.369
0.16,0.482
0.12,0.315
0.12,0.3795
0.31,0.8325
0.08,0.2655
0.22,0.6345
0.06,0.181
0.12,0.38
0.205,0.6155
0.235,0.66
0.255,0.8025
0.135,0.46
0.11,0.324
0.165,0.501
0.105,0.32
0.14,0.455
0.18,0.5175
0.19,0.5755
0.155,0.485
0.1,0.3265
0.155,0.45
0.09,0.3055
0.07,0.205
0.35,1.1015
0.245,0.783
0.275,0.836
0.325,0.9025
0.435,1.4455
0.035,0.1155
0.125,0.435
0.04,0.124
0.0015,0.002
0.004,0.013
0.003,0.008
0.005,0.021
0.275,0.9425
0.035,0.1
0.02,0.0645
0.04,0.1275
0.06,0.1655
0.06,0.174
0.05,0.1585
0.07,0.1975
0.045,0.156
0.07,0.2135
0.06,0.1715
0.36,1.1235
0.3,1.0605
0.345,1.094
0.34,1.2415
0.37,1.011
0.41,1.07
0.345,0.8975
0.365,1.415
0.295,1.1015
0.26,0.928
0.27,0.865
0.245,0.8945
0.026,0.095
0.04,0.1205
0.16,0.639
0.235,0.895
0.0905,0.2925
0.255,0.6355
0.17,0.4995
0.55,1.779
0.37,1.187
0.385,1.219
0.45,1.525
0.41,1.259
0.585,1.844
0.49,1.3485
0.69,1.642
0.43,1.484
0.25,0.712
0.3,0.8415
0.075,0.2415
0.15,0.4495
0.225,0.6295
0.31,0.9565
0.285,0.879
0.205,0.699
0.205,0.6445
0.19,0.4775
0.24,0.8105
0.325,0.996
0.355,1.2765
0.315,1.116
0.35,1.013
0.375,1.0575
0.04,0.128
0.035,0.1105
0.03,0.1065
0.15,0.549
0.075,0.234
0.1,0.3485
0.335,0.892
0.074,0.252
0.0715,0.217
0.15,0.472
0.011,0.037
0.005,0.0215
0.535,1.5415
0.195,0.7605
0.275,0.9055
0.39,1.2435
0.265,0.971
0.345,1.3305
0.435,1.2255
0.46,1.3
0.14,0.4585
0.39,1.242
0.12,0.3675
0.32,0.8365
0.06,0.172
0.03,0.0965
0.015,0.038
0.1,0.2845
0.035,0.1055
0.075,0.222
0.08,0.251
0.065,0.1755
0.205,0.6435
0.095,0.241
0.09,0.2255
0.2,0.5955
0.095,0.3185
0.035,0.121
0.02,0.0705
0.71,1.974
0.355,1.3415
0.325,1.0875
0.425,1.283
0.33,1.325
0.285,1.0035
0.3,1.165
0.48,1.3475
0.32,1.274
0.17,0.568
0.24,0.746
0.18,0.707
0.275,0.756
0.055,0.2
0.09,0.2715
0.28,1.2
0.245,1.153
0.27,0.8685
0.245,0.9535
0.22,0.93
0.34,1.275
0.58,2.13
0.395,1.587
0.395,1.8085
0.7,2.499
0.485,1.768
0.35,1.227
0.34,0.997
0.445,1.4225
0.295,1.029
0.35,1.186
0.355,1.016
0.265,0.887
0.265,1.0735
0.315,1.13
0.47,1.719
0.415,1.566
0.5,1.7605
0.6,1.787
0.42,1.31
0.4,1.343
0.605,1.7345
0.285,1.1775
0.25,1.077
0.37,0.995
0.33,1.1085
0.385,1.1405
0.25,0.791
0.2,0.663
0.195,0.5565
0.235,0.8445
0.135,0.4925
0.215,0.7385
0.145,0.482
0.22,0.609
0.14,0.471
0.105,0.3215
0.18,0.593
0.18,0.5615
0.08,0.25
0.07,0.1995
0.115,0.302
0.24,0.7155
0.185,0.5865
0.26,0.6765
0.31,0.987
0.175,0.5885
0.235,0.7225
0.155,0.4335
0.2,0.6935
0.11,0.365
0.24,0.8425
0.15,0.479
0.29,0.911
0.285,0.915
0.235,0.827
0.34,1.1045
0.28,0.945
0.28,0.9935
0.24,0.8565
0.39,1.2385
0.36,1.0325
0.4,1.3135
0.45,1.352
0.36,1.005
0.235,0.625
0.505,1.5015
0.155,0.529
0.2,0.5785
0.035,0.101
0.03,0.092
0.32,1.068
0.33,1.0915
0.33,1.015
0.375,0.943
0.385,1.0475
0.295,0.9555
0.325,1.036
0.32,0.9065
0.255,0.7505
0.12,0.366
0.22,0.662
0.09,0.217
0.09,0.252
0.085,0.3055
0.25,0.6885
0.085,0.2335
0.07,0.192
0.285,0.85
0.085,0.2715
0.12,0.3635
0.275,0.714
0.39,0.9815
0.375,0.9265
0.375,1.098
0.26,0.8205
0.58,1.891
0.42,1.41
0.36,1.4385
0.255,0.9245
0.33,1.2915
0.24,0.8375
0.39,1.221
0.08,0.199
0.0995,0.2965
0.235,0.7085
0.075,0.2665
0.265,0.9915
0.025,0.0715
0.02,0.0545
0.025,0.0735
0.008,0.0235
0.4,1.3905
0.41,1.388
0.625,1.7445
0.465,1.4385
0.2185,0.7835
0.177,0.646
0.1045,0.3575
0.181,0.627
0.2765,0.7715
0.2645,0.7395
0.1345,0.421
0.415,1.347
0.58,1.756
0.455,1.32
0.475,1.8075
0.3,0.9325
0.24,0.849
0.26,0.9955
0.305,1.0115
0.315,0.908
0.29,0.92
0.36,1.2415
0.235,0.8075
0.285,1.0595
0.285,1.073
0.29,0.921
0.41,1.2895
0.415,1.2635
0.37,1.369
0.305,0.953
0.48,1.248
0.3,1.0105
0.345,1.0385
0.305,0.874
0.245,0.854
0.395,1.1835
0.36,1.115
0.36,1.129
0.42,1.1745
0.315,1.105
0.305,0.8395
0.365,1.055
0.25,0.889
0.275,0.8735
0.34,1.1095
0.135,0.5185
0.21,0.6725
0.045,0.146
0.025,0.08
0.03,0.1
0.075,0.2795
0.03,0.0915
0.045,0.147
0.055,0.203
0.01,0.0385
0.055,0.1885
0.07,0.218
0.01,0.035
0.015,0.0545
0.005,0.024
0.005,0.0155
0.235,0.733
0.26,0.9715
0.085,0.24
0.205,0.752
0.13,0.458
0.155,0.4705
0.11,0.38
0.145,0.4985
0.155,0.454
0.179,0.5775
0.04,0.1165
0.0325,0.094
0.0885,0.2705
0.179,0.604
0.131,0.415
0.1135,0.2885
0.117,0.3615
0.085,0.257
0.049,0.1555
0.027,0.08
0.0155,0.0425
0.23,0.795
0.255,0.875
0.33,1.1625
0.345,0.9885
0.25,0.8
0.155,0.514
0.12,0.591
0.16,0.6265
0.255,0.795
0.37,1.1905
0.44,1.326
0.22,0.66
0.1175,0.364
0.17,0.659
0.155,0.452
0.2185,0.7335
0.185,0.5465
0.06,0.179
0.168,0.581
0.096,0.406
0.0345,0.1085
0.0985,0.387
0.1275,0.474
0.1175,0.443
0.415,1.066
0.305,0.9535
0.345,0.9665
0.35,1.133
0.26,0.9175
0.27,0.982
0.255,0.8865
0.515,1.3675
0.365,1.233
0.245,0.806
0.435,1.4635
0.115,0.4935
0.11,0.363
0.2,0.6655
0.195,0.6805
0.25,0.8285
0.15,0.4625
0.095,0.3095
0.235,0.745
0.075,0.25
0.205,0.874
0.42,1.514
0.24,0.6995
0.3,0.8525
0.225,0.7135
0.32,0.939
0.36,1.054
0.335,0.981
0.25,0.926
0.0835,0.286
0.0865,0.265
0.166,0.4885
0.2235,0.5555
0.154,0.425
0.059,0.195
0.136,0.458
0.081,0.228
0.068,0.1775
0.1515,0.4085
0.012,0.032
0.06,0.155
0.169,0.4775
0.1655,0.525
0.148,0.3865
0.152,0.433
0.049,0.17
0.044,0.1295
0.0195,0.0515
0.054,0.169
0.195,0.673
0.195,0.6785
0.17,0.498
0.14,0.498
0.225,0.658
0.125,0.322
0.09,0.2815
0.265,0.944
0.065,0.1835
0.1335,0.49
0.1405,0.391
0.158,0.467
0.165,0.5225
0.075,0.2105
0.063,0.168
0.08,0.258
0.055,0.1905
0.16,0.487
0.195,0.5735
0.05,0.173
0.39,1.1785
0.315,0.9
0.06,0.1875
0.105,0.3715
0.105,0.347
0.035,0.1145
0.17,0.777
0.155,0.4885
0.14,0.447
0.025,0.079
0.06,0.1665
0.145,0.466
0.05,0.1345
0.075,0.2305
0.04,0.129
0.295,0.97
0.42,1.14
0.41,1.3165
0.33,0.9585
0.53,1.626
0.295,0.781
0.12,0.3675
0.09,0.281
0.16,0.412
0.08,0.2245
0.16,0.4835
0.18,0.605
0.335,0.9175
0.175,0.5425
0.215,0.6175
0.205,0.655
0.24,0.8115
0.17,0.573
0.24,0.7865
0.245,0.64
0.245,0.74
0.19,0.5945
0.265,0.8165
0.08,0.2225
0.07,0.2295
0.175,0.5725
0.12,0.3915
0.29,0.8345
0.185,0.6515
0.255,0.909
0.21,0.8045
0.345,0.927
0.195,0.7305
0.295,0.9555
0.19,0.636
0.025,0.0865
0.11,0.3865
0.085,0.283
0.005,0.019
0.04,0.1285
0.005,0.0175
0.03,0.1165
0.14,0.444
0.1195,0.3515
0.0875,0.2905
0.173,0.536
0.123,0.4525
0.1105,0.316
0.1175,0.417
0.144,0.417
0.0795,0.203
0.0765,0.207
0.1005,0.2765
0.032,0.1105
0.063,0.176
0.083,0.2465
0.0335,0.1135
0.0695,0.201
0.063,0.1915
0.03,0.1035
0.035,0.0975
0.0245,0.0765
0.0085,0.0265
0.005,0.015
0.005,0.018
0.293,1.0575
0.4405,1.092
0.295,0.99
0.155,0.488
0.195,0.5005
0.1,0.297
0.155,0.525
0.255,0.77
0.165,0.6515
0.275,0.8295
0.23,0.879
0.265,0.823
0.22,0.656
0.29,0.8665
0.175,0.6565
0.205,0.669
0.21,0.6435
0.32,0.862
0.125,0.3795
0.245,0.835
0.06,0.2065
0.215,0.7365
0.26,0.8175
0.265,0.8425
0.265,1.001
0.45,1.676
0.16,0.6595
0.28,0.8055
0.39,1.5165
0.195,0.612
0.14,0.547
0.315,1.122
0.275,1.1365
0.525,1.4805
0.35,1.5275
0.37,1.1375
0.41,1.437
0.27,1.116
0.31,1.0615
0.325,1.2565
0.335,0.946
0.3,0.959
0.47,1.613
0.32,1.153
0.3,0.978
0.32,1.1325
0.07,0.197
0.233,0.785
0.278,0.949
0.2965,0.9805
0.17,0.521
0.085,0.2685
0.12,0.462
0.185,0.7605
0.31,0.732
0.2,0.6775
0.195,0.6385
0.19,0.5755
0.195,0.537
0.3,0.93
0.215,0.6415
0.255,0.8815
0.085,0.244
0.015,0.0525
0.2905,1.042
0.1845,0.5755
0.262,0.709
0.1635,0.644
0.262,0.8875
0.263,0.8935
0.1685,0.556
0.1625,0.51
0.256,0.9215
0.3635,1.0345
0.234,0.695
0.214,0.7155
0.122,0.394
0.2885,0.745
0.117,0.3665
0.185,0.495
0.115,0.349
0.155,0.4405
0.065,0.22
0.155,0.6615
0.095,0.3185
0.03,0.1015
0.24,0.759
0.13,0.4195
0.235,0.807
0.285,0.875
0.205,0.6835
0.018,0.067
0.023,0.088
0.0535,0.1715
0.049,0.1735
0.0575,0.183
0.062,0.2055
0.054,0.18
0.0745,0.27
0.0735,0.24
0.0615,0.2215
0.0605,0.1375
0.086,0.312
0.09,0.2895
0.082,0.319
0.077,0.304
0.094,0.306
0.106,0.394
0.109,0.3735
0.091,0.325
0.0945,0.398
0.1465,0.501
0.1105,0.4895
0.089,0.378
0.1405,0.547
0.169,0.5805
0.172,0.5465
0.175,0.6395
0.1525,0.498
0.1775,0.609
0.214,0.7555
0.166,0.5975
0.239,0.8275
0.225,0.7635
0.202,0.891
0.21,0.805
0.2375,0.9185
0.283,0.923
0.2875,1.0145
0.2765,0.875
0.2385,0.9685
0.265,1.0595
0.2745,0.952
0.194,0.7535
0.2705,0.958
0.3095,1.077
0.33,1.102
0.33,1.11
0.32,1.2095
0.271,1.1405
0.305,1.113
0.36,1.3445
0.3205,1.21
0.3445,1.29
0.3985,1.382
0.325,1.1035
0.292,1.377
0.345,1.3435
0.32,1.296
0.41,1.34
0.3685,1.3725
0.315,1.307
0.411,1.2085
0.381,1.3825
0.406,1.26
0.39,1.3555
0.31,1.376
0.2715,1.2945
0.321,1.486
0.399,1.4715
0.405,1.4095
0.601,2.0805
0.453,1.3905
0.4,1.558
0.413,1.309
0.455,1.8095
0.42,1.4785
0.415,1.7775
0.475,1.6675
0.455,1.834
0.897,2.8255
0.0135,0.046
0.021,0.0705
0.017,0.0665
0.027,0.083
0.02,0.083
0.0245,0.092
0.0345,0.117
0.0385,0.1625
0.043,0.131
0.037,0.1385
0.037,0.141
0.0425,0.1485
0.04,0.144
0.0425,0.1575
0.05,0.187
0.0445,0.196
0.055,0.1825
0.0445,0.186
0.045,0.1785
0.055,0.2225
0.065,0.2455
0.067,0.249
0.0795,0.2865
0.055,0.215
0.07,0.251
0.09,0.339
0.1,0.3535
0.091,0.3335
0.09,0.3595
0.1,0.376
0.09,0.3435
0.1,0.382
0.105,0.377
0.105,0.3645
0.095,0.425
0.1125,0.3995
0.1145,0.3925
0.134,0.4495
0.105,0.35
0.1195,0.4355
0.1195,0.4195
0.137,0.478
0.1335,0.4445
0.1135,0.47
0.119,0.447
0.1465,0.5325
0.1295,0.497
0.115,0.4635
0.1265,0.449
0.113,0.467
0.143,0.534
0.12,0.4415
0.1095,0.482
0.14,0.612
0.146,0.582
0.15,0.537
0.127,0.5915
0.17,0.6765
0.1575,0.64
0.115,0.439
0.14,0.6015
0.129,0.4785
0.1695,0.649
0.1495,0.6335
0.144,0.61
0.1565,0.6595
0.135,0.56
0.1535,0.6425
0.1825,0.6725
0.1785,0.674
0.156,0.685
0.155,0.642
0.185,0.601
0.19,0.769
0.175,0.5785
0.18,0.769
0.1885,0.7035
0.1955,0.796
0.23,0.834
0.155,0.7125
0.175,0.724
0.17,0.7325
0.205,0.7585
0.202,0.8495
0.186,0.6515
0.205,0.8215
0.2155,0.7165
0.2195,0.874
0.218,0.9905
0.275,0.8105
0.274,0.967
0.18,0.6975
0.295,1.195
0.343,1.1935
0.27,1.107
0.24,1.0635
0.214,0.9035
0.29,1.114
0.249,1.103
0.29,1.1155
0.276,1.0515
0.2835,1.012
0.29,1.137
0.237,1.1335
0.275,1.136
0.309,1.206
0.25,1.063
0.155,1.121
0.25,1.114
0.274,1.213
0.2515,1.0045
0.27,1.044
0.295,1.1345
0.275,1.161
0.2925,1.2315
0.3085,1.1625
0.3295,1.168
0.33,1.2525
0.388,1.3315
0.365,1.3525
0.405,1.3325
0.349,1.1435
0.315,1.288
0.401,1.38
0.31,1.278
0.315,1.3075
0.3235,1.1785
0.395,1.375
0.3745,1.4065
0.335,1.4025
0.409,1.5175
0.4,1.394
0.3185,1.2205
0.432,1.636
0.4,1.561
0.336,1.4325
0.349,1.3385
0.3,1.2465
0.385,1.212
0.3725,1.304
0.46,1.6785
0.477,1.622
0.1825,1.494
0.403,1.6525
0.441,1.528
0.5175,1.5905
0.485,1.6275
0.335,1.3695
0.4005,1.6085
0.435,1.587
0.553,1.8375
0.498,1.607
0.405,1.7005
0.48,1.872
0.503,1.8385
0.4045,1.685
0.5475,2.198
0.4135,1.9525
0.405,1.56
0.6,2.555
0.6205,2.302
0.0095,0.029
0.011,0.0375
0.0095,0.0325
0.007,0.0435
0.015,0.059
0.0215,0.071
0.0225,0.0685
0.025,0.084
0.028,0.106
0.034,0.1075
0.03,0.096
0.039,0.1255
0.039,0.151
0.0405,0.1415
0.055,0.2015
0.0635,0.221
0.067,0.2345
0.065,0.2325
0.065,0.2485
0.087,0.348
0.093,0.32
0.0875,0.282
0.106,0.3245
0.1035,0.316
0.105,0.3625
0.088,0.279
0.1045,0.3685
0.1035,0.397
0.096,0.413
0.106,0.418
0.12,0.3705
0.117,0.409
0.13,0.434
0.109,0.411
0.1315,0.462
0.12,0.4925
0.0975,0.3715
0.098,0.411
0.102,0.3685
0.1175,0.4155
0.129,0.544
0.142,0.4845
0.13,0.4565
0.115,0.4545
0.1665,0.6245
0.141,0.5225
0.1585,0.5495
0.17,0.542
0.134,0.519
0.131,0.5215
0.1405,0.5445
0.182,0.6795
0.1385,0.545
0.1525,0.5575
0.166,0.5155
0.15,0.6115
0.185,0.7765
0.157,0.5395
0.167,0.5545
0.254,1.019
0.17,0.6455
0.1835,0.601
0.201,0.7555
0.1405,0.608
0.19,0.617
0.169,0.599
0.1895,0.6665
0.156,0.7835
0.19,0.793
0.218,0.82
0.175,0.8145
0.223,0.84
0.2165,0.8315
0.234,0.8995
0.2215,0.8965
0.245,0.6405
0.205,0.852
0.23,0.9595
0.206,0.99
0.2645,1.0095
0.25,1.0375
0.22,0.8775
0.224,0.755
0.265,0.9945
0.2575,1.068
0.222,0.8455
0.238,0.869
0.26,0.907
0.245,0.805
0.228,1.0225
0.22,0.847
0.265,1.114
0.441,1.859
0.22,0.814
0.253,0.9615
0.2295,1.0025
0.265,0.93
0.235,0.9335
0.265,0.9555
0.24,0.9955
0.2565,1.0265
0.24,1.1915
0.25,1.1025
0.225,1.0165
0.292,1.1775
0.274,1.1175
0.317,1.1835
0.357,1.056
0.2415,1.0145
0.2865,1.3305
0.267,1.052
0.27,1.0565
0.2415,0.923
0.285,1.027
0.2475,1.0195
0.2405,0.858
0.281,1.1125
0.332,1.3745
0.286,1.2065
0.287,1.1325
0.3425,1.2645
0.2885,1.1565
0.358,1.369
0.3735,1.39
0.305,1.1345
0.4245,1.464
0.294,1.202
0.345,1.31
0.364,1.415
0.476,1.346
0.34,1.363
0.3595,1.2975
0.353,1.3645
0.4735,1.7025
0.4,1.519
0.39,1.454
0.3865,1.583
0.3695,1.5535
0.4375,1.74
0.446,1.751
0.638,2.273
0.3995,1.6465
0.301,1.219
0.4525,1.652
0.5075,2.0045
0.42,1.6755
0.5375,2.103
0.5215,1.9965
0.2685,1.187
0.4505,1.978
0.4825,1.8795
0.5,2.124
0.5,1.931
0.545,2.236
0.6785,2.505
0.595,2.0065
0.586,2.657
0.15,0.4645
0.0215,0.0765
0.0225,0.0685
0.025,0.0835
0.0355,0.1125
0.038,0.1075
0.04,0.1055
0.0445,0.1375
0.0385,0.1145
0.09,0.139
0.052,0.2085
0.0435,0.1595
0.048,0.2015
0.055,0.179
0.055,0.1945
0.05,0.2005
0.065,0.215
0.0525,0.1785
0.064,0.196
0.058,0.1875
0.06,0.196
0.06,0.213
0.075,0.2445
0.062,0.217
0.061,0.213
0.0695,0.2385
0.0755,0.218
0.0775,0.2465
0.065,0.2025
0.07,0.218
0.0755,0.256
0.07,0.2105
0.0745,0.2615
0.067,0.2175
0.0735,0.302
0.0655,0.228
0.089,0.3265
0.0945,0.284
0.085,0.2725
0.082,0.2985
0.0765,0.2675
0.075,0.2645
0.17,0.33
0.082,0.328
0.1,0.3335
0.106,0.3055
0.08,0.301
0.115,0.428
0.1045,0.378
0.12,0.3685
0.12,0.438
0.12,0.448
0.126,0.4005
0.1245,0.4305
0.11,0.372
0.11,0.466
0.114,0.3705
0.141,0.4785
0.113,0.346
0.135,0.411
0.1505,0.48
0.115,0.393
0.14,0.5035
0.1505,0.441
0.15,0.492
0.165,0.5435
0.132,0.4725
0.135,0.461
0.1495,0.4965
0.16,0.5125
0.167,0.553
0.1565,0.594
0.2065,0.6765
0.185,0.5795
0.196,0.6615
0.157,0.5695
0.195,0.6215
0.18,0.6015
0.18,0.594
0.171,0.551
0.16,0.625
0.205,0.711
0.175,0.6965
0.18,0.5825
0.1905,0.663
0.164,0.6965
0.2045,0.842
0.167,0.694
0.192,0.81
0.189,0.5745
0.21,0.7675
0.154,0.6025
0.225,0.5765
0.2075,0.7145
0.194,0.717
0.2175,0.8655
0.229,0.7265
0.227,0.7715
0.207,0.8
0.2545,0.7285
0.185,0.5945
0.223,0.7895
0.2,0.651
0.248,0.8745
0.2325,0.7535
0.215,0.7305
0.255,0.8705
0.28,0.7395
0.23,0.7665
0.225,0.7905
0.236,0.8205
0.2165,0.688
0.2695,1.224
0.235,0.974
0.21,0.8735
0.225,0.8495
0.219,0.796
0.1685,0.744
0.2215,0.751
0.245,0.794
0.2655,0.9795
0.2705,0.873
0.202,0.7665
0.275,0.8965
0.2125,0.857
0.306,1.078
0.22,0.892
0.2955,1.4395
0.204,0.7955
0.253,0.858
0.235,0.9145
0.335,1.171
0.285,1.0505
0.274,1.1135
0.295,1.409
0.2885,1.065
0.237,0.7995
0.23,0.7715
0.31,1.187
0.275,0.8855
0.2255,0.98
0.305,1.026
0.309,1.1315
0.325,1.014
0.27,1.12
0.28,1.04
0.269,0.8895
0.295,0.9595
0.33,1.238
0.315,0.9755
0.26,0.9025
0.335,1.076
0.275,1.0835
0.25,0.871
0.305,1.244
0.3035,1.0265
0.286,0.9605
0.347,1.137
0.275,1
0.2895,1.004
0.34,1.128
0.295,1.054
0.3035,1.023
0.3,1.129
0.3,1.118
0.355,1.115
0.39,1.2815
0.355,1.2555
0.354,1.293
0.33,1.1295
0.315,1.082
0.3045,1.15
0.321,1.264
0.3185,1.2035
0.345,1.3205
0.315,1.272
0.3365,1.062
0.28,1.0605
0.315,1.093
0.3455,1.101
0.39,1.4595
0.323,1.211
0.3665,1.1935
0.31,0.986
0.406,1.521
0.4075,1.3135
0.345,1.1835
0.3725,1.401
0.4325,1.5075
0.349,1.16
0.435,1.662
0.405,1.5365
0.375,1.542
0.391,1.567
0.3985,1.3595
0.46,1.6445
0.383,1.4545
0.365,1.3585
0.3925,1.548
0.3575,1.337
0.435,1.491
0.3725,1.5615
0.3745,1.0145
0.469,1.7375
0.461,1.7925
0.4975,1.7635
0.195,1.556
0.512,2.21
0.528,2.141
0.43,1.5345
0.45,1.614
0.51,1.9335
0.5365,2.173
0.595,1.737
0.52,1.7375
0.565,2.1275
0.558,2.25
0.612,2.5085
0.7975,2.255
0.004,0.014
0.036,0.0515
0.0605,0.2215
0.053,0.1985
0.0615,0.232
0.067,0.3155
0.0675,0.247
0.0765,0.3025
0.0825,0.329
0.08,0.2815
0.0855,0.3425
0.0815,0.2825
0.0805,0.304
0.073,0.2905
0.103,0.3895
0.088,0.389
0.1075,0.4405
0.1015,0.369
0.1025,0.4565
0.1135,0.4465
0.11,0.4475
0.1065,0.501
0.125,0.436
0.116,0.4615
0.1175,0.4315
0.1365,0.3685
0.142,0.649
0.1165,0.459
0.1335,0.566
0.147,0.542
0.147,0.4725
0.198,0.6435
0.1555,0.526
0.144,0.573
0.1555,0.5525
0.161,0.6855
0.17,0.556
0.2185,0.9365
0.17,0.5625
0.149,0.559
0.1735,0.7205
0.189,0.7045
0.175,0.7575
0.203,0.7405
0.1945,0.84
0.215,0.793
0.22,0.8745
0.1835,0.8715
0.249,0.9875
0.238,1.08
0.2385,0.9155
0.3055,1.165
0.2095,0.953
0.2335,0.906
0.245,0.8725
0.2515,1.151
0.275,0.9905
0.288,1.04
0.25,0.945
0.357,1.259
0.2765,0.9515
0.38,1.201
0.3315,1.289
0.305,1.1005
0.251,0.8425
0.25,1.049
0.275,1.012
0.312,1.0725
0.3465,1.4105
0.305,1.136
0.276,1.1005
0.329,1.1105
0.305,1.1315
0.31,1.271
0.3245,1.336
0.315,1.1345
0.377,1.308
0.4025,1.5335
0.415,1.546
0.43,1.539
0.335,1.318
0.495,1.5245
0.4,1.466
0.3195,1.3825
0.215,1.175
0.444,1.5555
0.4195,1.7835
0.345,1.374
0.395,1.389
0.41,1.7025
0.345,1.5265
0.415,1.519
0.4685,1.741
0.395,1.6115
0.461,1.7825
0.32,1.684
0.595,1.858
0.388,1.675
0.494,2.1055
0.5015,2.21
0.446,1.8725
0.445,1.893
0.013,0.0475
0.0335,0.101
0.0405,0.121
0.0415,0.117
0.0415,0.1465
0.05,0.168
0.055,0.18
0.054,0.1775
0.058,0.1985
0.061,0.2
0.066,0.2205
0.055,0.1845
0.066,0.2225
0.065,0.2175
0.07,0.2165
0.075,0.243
0.082,0.237
0.076,0.2365
0.07,0.257
0.0835,0.308
0.08,0.252
0.077,0.281
0.073,0.2225
0.0955,0.304
0.075,0.28
0.0965,0.313
0.09,0.317
0.095,0.303
0.11,0.3295
0.105,0.367
0.105,0.3245
0.1345,0.4195
0.147,0.457
0.1205,0.4
0.13,0.4255
0.147,0.4365
0.12,0.393
0.155,0.499
0.19,0.6325
0.112,0.4285
0.125,0.4905
0.175,0.474
0.15,0.536
0.239,0.464
0.16,0.6025
0.143,0.4615
0.169,0.624
0.15,0.4715
0.19,0.602
0.1935,0.616
0.173,0.5955
0.169,0.559
0.162,0.6025
0.15,0.6065
0.138,0.4725
0.1275,0.4745
0.17,0.6635
0.185,0.5705
0.165,0.646
0.1895,0.5545
0.2875,0.845
0.178,0.664
0.175,0.615
0.169,0.654
0.225,0.707
0.177,0.5965
0.2135,0.6255
0.195,0.555
0.249,0.8365
0.175,0.657
0.24,0.836
0.25,0.742
0.2295,0.8195
0.269,0.972
0.235,0.6275
0.225,0.7205
0.213,0.686
0.18,0.686
0.1725,0.543
0.22,0.717
0.259,0.7625
0.217,0.639
0.23,0.816
0.2215,0.7815
0.21,0.7665
0.17,0.5585
0.206,0.765
0.2765,0.9005
0.236,0.8225
0.2,0.7235
0.2645,0.849
0.231,0.743
0.27,0.863
0.215,0.802
0.219,0.831
0.21,0.7805
0.245,0.795
0.25,0.848
0.2815,0.833
0.28,0.867
0.1825,0.7405
0.268,0.867
0.239,0.7965
0.34,1.116
0.235,0.78
0.355,0.985
0.47,0.9965
0.25,0.8015
0.254,0.807
0.36,1.0305
0.239,0.839
0.275,0.9615
0.23,0.834
0.295,1.0335
0.2285,0.798
0.235,0.7095
0.253,0.913
0.309,1.207
0.265,1.022
0.26,0.9015
0.265,0.9
0.217,0.838
0.2535,0.959
0.235,0.8335
0.3,0.9735
0.305,1.13
0.2725,0.9165
0.29,0.9175
0.325,1.0645
0.275,1.059
0.2635,1.194
0.275,0.9775
0.27,0.884
0.22,0.8025
0.24,0.991
0.3345,0.974
0.431,1.434
0.266,0.983
0.28,1.0725
0.3085,1.2405
0.2945,1.022
0.379,1.1155
0.26,0.9225
0.31,1.1185
0.355,1.2795
0.28,1.0175
0.311,1.224
0.315,1.154
0.335,1.3255
0.395,1.221
0.357,1.139
0.305,1.066
0.313,1.2215
0.295,0.8565
0.2965,0.924
0.309,1.266
0.3,1.0405
0.3325,1.1165
0.3105,1.0845
0.354,1.0985
0.3145,1.1955
0.3705,1.362
0.278,1.044
0.3,1.0915
0.3995,1.1965
0.339,1.1745
0.3035,1.233
0.328,1.2695
0.3615,1.489
0.418,1.4345
0.305,1.2435
0.38,1.2615
0.36,1.2235
0.3685,1.247
0.4435,1.707
0.335,1.1605
0.386,1.286
0.3845,1.5595
0.48,1.4745
0.3745,1.226
0.317,1.33
0.315,1.2415
0.415,1.3375
0.36,1.363
0.33,1.2215
0.35,1.371
0.335,1.337
0.391,1.274
0.378,1.488
0.3665,1.3835
0.365,1.274
0.305,1.043
0.425,1.3485
0.363,1.4405
0.341,1.3195
0.415,1.5175
0.495,1.5505
0.3925,1.6375
0.353,1.443
0.3665,1.289
0.32,1.2915
0.395,1.3725
0.315,1.2975
0.308,1.2585
0.3,1.39
0.4275,1.32
0.354,1.566
0.465,1.619
0.3545,1.2835
0.3965,1.382
0.4125,1.4535
0.4705,1.6075
0.32,1.3735
0.438,1.638
0.46,1.569
0.54,1.8565
0.512,1.773
0.265,1.58
0.502,2.009
0.48,1.9805
0.435,1.5805
0.566,2.015
0.485,1.8275
0.511,2.125
0.435,1.445
0.503,2.1425
0.5655,1.9425
0.557,1.747
0.482,2.119
0.575,1.938
0.63,2.2205
0.642,2.5155
0.578,2.7795
0.0705,0.2315
0.1125,0.394
0.1675,0.597
0.143,0.564
0.1645,0.5965
0.117,0.414
0.1,0.422
0.211,0.82
0.1215,0.434
0.209,0.7615
0.12,0.5795
0.182,0.5205
0.2365,0.968
0.319,0.869
0.2825,0.8795
0.296,1.0615
0.273,0.9225
0.252,1.007
0.276,0.9605
0.159,0.65
0.2105,0.7545
0.1795,0.771
0.304,1.0835
0.228,0.8935
0.403,1.358
0.2845,1.1185
0.3345,1.205
0.344,1.3405
0.29,1.02
0.2485,1.025
0.213,0.8145
0.4155,1.48
0.258,0.953
0.253,0.8915
0.3285,1.3005
0.251,1.038
0.343,1.2525
0.297,1.15
0.3005,1.1135
0.315,1.1155
0.2565,1.0865
0.3185,1.254
0.344,1.169
0.3475,1.172
0.291,1.1845
0.31,1.0725
0.315,1.3815
0.3965,1.6125
0.3075,1.7395
0.466,1.5475
0.378,1.4245
0.4375,1.3405
0.389,1.4465
0.4215,1.5845
0.3965,1.679
0.455,1.726
0.4645,1.5395
0.5015,2.073
0.4425,1.5865
0.643,2.069
0.009,0.027
0.018,0.0555
0.036,0.1275
0.06,0.1885
0.06,0.2
0.065,0.197
0.075,0.223
0.07,0.2215
0.081,0.2665
0.11,0.269
0.11,0.2805
0.105,0.3305
0.085,0.2815
0.0975,0.2805
0.115,0.311
0.1135,0.368
0.12,0.3405
0.098,0.3245
0.11,0.38
0.105,0.335
0.1185,0.3215
0.1185,0.358
0.166,0.445
0.135,0.487
0.1465,0.4535
0.154,0.568
0.147,0.5155
0.15,0.457
0.165,0.5095
0.1505,0.5
0.191,0.494
0.15,0.5605
0.225,0.599
0.207,0.7045
0.195,0.7005
0.245,0.7125
0.235,0.6725
0.14,0.5785
0.184,0.5185
0.168,0.6375
0.165,0.5805
0.1425,0.6645
0.143,0.581
0.1695,0.596
0.21,0.6965
0.175,0.6095
0.23,0.677
0.24,0.7245
0.183,0.575
0.1875,0.632
0.244,1.0015
0.295,0.9455
0.192,0.6555
0.19,0.6255
0.244,0.8145
0.25,0.687
0.238,0.7995
0.23,0.804
0.214,0.7495
0.194,0.599
0.18,0.7075
0.22,0.738
0.235,0.837
0.279,0.832
0.23,0.8305
0.185,0.667
0.26,0.9355
0.255,0.8445
0.246,0.895
0.25,0.8715
0.265,1.0005
0.277,0.832
0.283,0.9415
0.238,0.88
0.234,0.803
0.2265,0.785
0.235,0.9765
0.239,0.992
0.295,1.013
0.27,0.876
0.35,1.099
0.225,0.8715
0.239,0.8245
0.22,0.7955
0.269,0.857
0.225,0.8265
0.3005,0.925
0.2795,1.0465
0.242,0.7905
0.2485,0.8295
0.223,0.886
0.264,0.97
0.329,1.1805
0.3105,0.99
0.298,1.133
0.352,1.071
0.3,0.862
0.321,1.1155
0.27,1.031
0.2985,1.1185
0.265,0.957
0.294,1.1785
0.285,1.0285
0.2685,1.0875
0.3225,1.255
0.3885,1.219
0.285,1.035
0.355,1.195
0.34,1.062
0.5195,1.5145
0.325,1.309
0.335,1.0295
0.3215,1.0485
0.361,1.331
0.3535,1.1565
0.304,1.09
0.375,1.354
0.265,0.984
0.289,1.2525
0.3395,1.2695
0.412,1.3405
0.345,1.2895
0.335,1.195
0.365,1.273
0.3535,1.229
0.35,1.1895
0.34,1.1145
0.41,1.3115
0.2925,1.1
0.34,1.1285
0.3255,1.4195
0.4675,1.6195
0.3385,1.32
0.474,1.5535
0.3305,1.238
0.3645,1.189
0.3985,1.375
0.497,1.412
0.394,1.348
0.348,1.1445
0.49,1.4415
0.37,1.218
0.3595,1.2475
0.436,1.2695
0.4,1.429
0.416,1.4015
0.4115,1.312
0.4245,1.473
0.4715,1.623
0.384,1.534
0.4075,1.3845
0.5,1.6915
0.4505,1.5715
0.538,1.773
0.375,1.4405
0.535,1.6245
0.4395,1.866
0.501,1.6705
0.503,2.081
0.488,1.6195
0.44,1.8325
0.646,2.173
0.008,0.029
0.006,0.0195
0.015,0.0465
0.03,0.1195
0.03,0.0895
0.03,0.0935
0.03,0.1115
0.03,0.1195
0.03,0.097
0.041,0.133
0.04,0.1745
0.0495,0.1695
0.0495,0.17
0.046,0.1605
0.0735,0.271
0.062,0.2185
0.053,0.196
0.065,0.226
0.0605,0.22
0.078,0.3
0.0805,0.2875
0.0925,0.316
0.0985,0.3675
0.105,0.3675
0.095,0.346
0.129,0.4955
0.1375,0.4675
0.145,0.522
0.145,0.441
0.1365,0.5185
0.167,0.653
0.185,0.5915
0.1535,0.4825
0.2035,0.6855
0.168,0.6335
0.1765,0.6875
0.196,0.741
0.185,0.6355
0.2385,0.8395
0.2675,0.9205
0.253,0.8215
0.2475,0.9255
0.245,0.8295
0.2625,1.063
0.275,1.115
0.2425,0.837
0.295,0.982
0.341,1.112
0.3925,1.3485
0.386,1.5655
0.025,0.086
0.0285,0.1065
0.033,0.132
0.027,0.1075
0.057,0.1745
0.054,0.152
0.0725,0.2755
0.082,0.293
0.105,0.368
0.087,0.312
0.0805,0.336
0.087,0.355
0.11,0.379
0.12,0.378
0.135,0.4655
0.1335,0.594
0.132,0.4935
0.116,0.4595
0.121,0.4955
0.1275,0.4325
0.1955,0.689
0.158,0.5465
0.1635,0.617
0.139,0.538
0.2385,0.7815
0.1785,0.6355
0.1515,0.6435
0.1455,0.5115
0.1795,0.738
0.2035,0.699
0.2365,0.7655
0.1845,0.7505
0.231,0.844
0.213,0.8705
0.209,0.668
0.238,0.83
0.2605,0.8685
0.192,0.839
0.356,1.079
0.262,0.919
0.3375,1.1345
0.22,0.909
0.372,1.2435
0.2725,1.056
0.339,1.2095
0.32,1.238
0.4275,1.644
0.49,1.7725
0.462,1.2525
0.488,1.761
0.28,1.3165
0.479,1.914
0.602,2.1
0.4935,1.6895
0.6585,2.032
0.175,0.66
0.245,0.7455
0.21,0.616
0.095,0.2825
0.095,0.3355
0.22,0.651
0.125,0.361
0.175,0.4775
0.115,0.3465
0.085,0.25
0.215,0.66
0.095,0.315
0.085,0.276
0.165,0.5395
0.285,1.04
0.365,1.041
0.6,1.6885
0.885,2.1835
0.335,1.2105
0.045,0.166
0.125,0.452
0.175,0.7185
0.08,0.232
0.0035,0.0105
0.009,0.0275
0.045,0.1445
0.08,0.282
0.185,0.608
0.145,0.433
0.11,0.3295
0.145,0.4555
0.13,0.4585
0.035,0.275
0.09,0.335
0.15,0.4265
0.185,0.5765
0.085,0.127
0.4,1.1505
0.245,0.8915
0.295,0.97
0.055,0.18
0.215,0.6985
0.13,0.4585
0.12,0.4005
0.18,0.7145
0.335,0.932
0.31,0.966
0.295,0.9995
0.465,1.496
0.16,0.5065
0.05,0.1735
0.125,0.3945
0.155,0.4665
0.135,0.401
0.11,0.3455
0.185,0.5205
0.17,0.4935
0.115,0.3245
0.036,0.106
0.1505,0.4415
0.5855,1.966
0.0935,0.3025
0.035,0.1225
0.265,0.879
0.435,1.2275
0.49,1.2715
0.725,1.806
0.285,0.8085
0.41,1.3905
0.57,1.8465
0.885,2.1995
0.49,1.817
0.29,0.897
0.095,0.3245
0.3,1.136
0.085,0.2735
0.07,0.2405
0.045,0.1545
0.005,0.0145
0.04,0.1185
0.01,0.0295
0.01,0.0385
0.23,0.799
0.355,1.1845
0.35,0.925
0.405,1.098
0.395,1.071
0.34,0.975
0.445,1.283
0.445,1.0595
0.26,0.9195
0.355,0.9295
0.35,0.8085
0.045,0.1485
0.13,0.4475
0.185,0.6865
0.26,0.6335
0.17,0.547
0.195,0.585
0.315,0.927
0.455,1.4935
0.3,1.0405
0.02,0.0605
0.12,0.3675
0.045,0.099
0.07,0.233
0.125,0.3625
0.03,0.081
0.585,1.596
0.44,1.4005
0.51,1.406
0.295,0.9245
0.47,1.36
0.13,0.43
0.042,0.1365
0.04,0.14
0.135,0.4215
0.665,1.5765
0.525,1.2125
0.61,1.6305
0.35,1.142
0.52,1.366
0.57,1.539
0.155,0.445
0.175,0.5725
0.065,0.19
0.25,0.764
0.27,0.853
0.19,0.5885
0.2,0.7875
0.385,1.035
0.53,1.352
0.39,0.958
0.265,0.797
0.28,0.857
0.08,0.2235
0.03,0.086
0.215,0.692
0.075,0.2225
0.275,0.7575
0.25,0.729
0.295,0.903
0.35,1.0965
0.295,0.903
0.415,1.229
0.33,1.106
0.4,1.171
0.11,0.444
0.16,0.4755
0.125,0.388
0.125,0.3785
0.185,0.486
0.165,0.5265
0.085,0.2275
0.205,0.5105
0.105,0.3105
0.15,0.543
0.075,0.2225
0.315,0.998
0.415,1.5455
0.38,1.2675
0.38,1.1
0.36,1.4285
0.53,1.793
0.24,0.6185
0.175,0.5825
0.285,0.7485
0.135,0.406
0.295,1.1005
0.32,0.869
0.27,0.955
0.3,0.9215
0.32,1.456
0.345,0.893
0.62,2.226
0.36,1.2125
0.42,1.0675
0.295,0.8525
0.255,0.8615
0.32,1.162
0.25,0.8705
0.58,1.598
0.37,1.406
0.685,2.033
0.445,1.259
0.355,1.0935
0.425,1.1805
0.17,0.7175
0.195,0.7575
0.155,0.487
0.185,0.5705
0.175,0.6905
0.125,0.4475
0.1,0.347
0.1,0.352
0.195,0.7145
0.1,0.3315
0.06,0.18
0.285,0.974
0.065,0.185
0.185,0.563
0.095,0.3215
0.055,0.179
0.22,0.702
0.285,0.8045
0.25,0.8075
0.17,0.578
0.125,0.385
0.165,0.585
0.21,0.6375
0.23,0.813
0.195,0.5735
0.265,0.94
0.285,1.008
0.26,0.775
0.365,1.1445
0.23,0.6
0.175,0.515
0.195,0.5795
0.125,0.384
0.085,0.2965
0.04,0.137
0.34,0.991
0.275,0.925
0.27,0.805
0.25,0.8915
0.29,0.769
0.2,0.6185
0.205,0.6515
0.095,0.2875
0.215,0.5545
0.22,0.7365
0.095,0.306
0.475,1.496
0.1,0.3605
0.12,0.3045
0.2,0.592
0.24,0.7995
0.255,0.5825
0.115,0.3435
0.335,0.906
0.215,0.6295
0.445,1.5515
0.62,2.526
0.36,1.103
0.275,0.957
0.245,0.86
0.485,1.62
0.455,1.407
0.25,0.9
0.045,0.1455
0.025,0.075
0.008,0.0235
0.4,1.247
0.565,1.7265
0.263,0.8025
0.2175,0.764
0.2515,0.8645
0.149,0.4715
0.216,0.631
0.27,0.9455
0.42,1.3185
0.525,1.7265
0.31,1.081
0.28,0.9025
0.4,1.1415
0.25,1.027
0.515,1.3445
0.505,1.449
0.265,0.7745
0.25,0.7895
0.41,1.3665
0.305,1.0295
0.29,1.031
0.315,1.065
0.5,1.885
0.48,1.2425
0.66,1.969
0.3,0.9445
0.105,0.354
0.01,0.023
0.11,0.3575
0.185,0.5965
0.135,0.383
0.07,0.2065
0.109,0.382
0.1815,0.6315
0.106,0.3285
0.0735,0.2165
0.01,0.0305
0.0075,0.024
0.215,0.7365
0.21,0.6005
0.132,0.4285
0.14,0.496
0.177,0.6195
0.1525,0.567
0.2215,0.6505
0.144,0.4495
0.1335,0.4485
0.069,0.241
0.0605,0.197
0.043,0.1425
0.38,1.2395
0.32,1.0385
0.35,0.972
0.435,1.3315
0.19,0.762
0.235,0.775
0.17,0.437
0.195,0.6985
0.14,0.435
0.045,0.1295
0.3,0.8435
0.315,1.25
0.32,1.017
0.395,1.411
0.33,1.208
0.36,1.0705
0.167,0.5895
0.1785,0.537
0.048,0.15
0.17,0.651
0.0955,0.28
0.113,0.287
0.13,0.3525
0.04,0.12
0.155,0.494
0.16,0.4765
0.06,0.2145
0.26,0.595
0.1475,0.4805
0.095,0.321
0.03,0.096
0.26,0.9315
0.285,0.782
0.03,0.0945
0.18,0.6695
0.07,0.213
0.185,0.525
0.485,1.312
0.38,1.087
0.555,1.523
0.49,1.319
0.22,0.579
0.3,0.8175
0.055,0.17
0.28,0.796
0.06,0.197
0.145,0.5255
0.255,0.879
0.145,0.4625
0.14,0.4565
0.14,0.528
0.18,0.5835
0.28,0.884
0.03,0.096
0.06,0.1855
0.0835,0.27
0.145,0.463
0.06,0.198
0.096,0.282
0.032,0.0995
0.027,0.092
0.022,0.0625
0.0225,0.073
0.0225,0.071
0.011,0.036
0.358,1.099
0.19,0.5905
0.27,0.768
0.13,0.413
0.315,0.8505
0.215,0.6915
0.18,0.709
0.105,0.3755
0.235,0.8185
0.07,0.227
0.24,0.8245
0.24,1.1825
0.375,1.122
0.385,1.6115
0.32,1.2985
0.31,1.3
0.28,1.161
0.38,1.489
0.34,1.008
0.135,0.441
0.2115,0.742
0.24,0.7
0.08,0.271
0.21,0.8565
0.275,0.8975
0.235,0.6105
0.065,0.1925
0.2515,0.6635
0.3065,1.235
0.204,0.7615
0.1835,0.592
0.113,0.39
0.3205,0.7565
0.187,0.57
0.085,0.2865
0.105,0.2935
0.225,0.567
0.17,0.6245
0.285,0.8415
0.25,0.7775
0.355,0.989
0.2,0.6905
0.07,0.2
0.033,0.109
0.0345,0.127
0.083,0.2885
0.0525,0.18
0.044,0.144
0.114,0.4665
0.095,0.33
0.093,0.3625
0.0945,0.34
0.105,0.365
0.1505,0.5
0.175,0.6265
0.163,0.5555
0.135,0.6015
0.1625,0.53
0.161,0.6315
0.211,0.7715
0.172,0.6125
0.199,0.872
0.2235,0.8115
0.2625,0.8795
0.2485,0.983
0.325,1.145
0.292,1.09
0.335,1.262
0.361,1.185
0.3175,1.4405
0.35,1.332
0.288,1.1405
0.309,1.201
0.33,1.33
0.384,1.362
0.471,1.647
0.431,1.4995
0.513,1.6225
0.4065,1.786
0.54,1.791
0.4535,1.925
0.474,1.689
0.4395,1.659
0.6095,2.0475
0.43,1.6015
0.435,2.0165
0.013,0.04
0.016,0.0565
0.02,0.064
0.0255,0.0875
0.031,0.106
0.03,0.1315
0.035,0.126
0.0365,0.155
0.047,0.149
0.07,0.185
0.07,0.2545
0.07,0.237
0.08,0.279
0.088,0.3205
0.095,0.3335
0.111,0.3885
0.1305,0.545
0.11,0.4165
0.125,0.495
0.118,0.4775
0.1325,0.468
0.1375,0.4555
0.1165,0.46
0.107,0.4155
0.111,0.4215
0.12,0.474
0.1225,0.486
0.136,0.5735
0.12,0.468
0.135,0.5135
0.1485,0.6215
0.1325,0.494
0.185,0.6005
0.172,0.646
0.202,0.7945
0.195,0.812
0.1505,0.828
0.1835,0.681
0.215,0.889
0.213,0.7345
0.215,0.964
0.24,0.963
0.2505,0.995
0.2295,0.8585
0.259,0.948
0.2425,0.888
0.2335,0.9045
0.263,1.046
0.31,1.1775
0.287,1.0765
0.289,1.0255
0.248,0.9325
0.29,1.235
0.29,1.247
0.264,1.1495
0.315,1.1575
0.355,1.327
0.292,1.2
0.3225,1.2705
0.345,1.2155
0.3275,1.3245
0.3385,1.3555
0.3185,1.127
0.3595,1.1075
0.38,1.4255
0.2885,1.147
0.35,1.286
0.37,1.596
0.37,1.297
0.3165,1.251
0.3775,1.5105
0.341,1.4415
0.391,1.6385
0.498,1.933
0.4325,1.71
0.4175,1.8495
0.505,1.742
0.5165,1.7975
0.624,2.381
0.5335,2.398
0.584,2.1945
0.015,0.049
0.0315,0.1055
0.035,0.1045
0.048,0.163
0.0715,0.2275
0.075,0.219
0.095,0.3645
0.103,0.3265
0.094,0.3515
0.09,0.3465
0.103,0.407
0.113,0.4215
0.125,0.3755
0.1345,0.5335
0.1185,0.442
0.123,0.1315
0.1455,0.5205
0.157,0.5535
0.13,0.5445
0.15,0.554
0.136,0.512
0.1605,0.583
0.145,0.5765
0.178,0.723
0.167,0.5395
0.1725,0.625
0.168,0.5925
0.175,0.633
0.201,0.832
0.205,0.778
0.17,0.7865
0.18,0.778
0.1755,0.636
0.185,0.8435
0.2105,0.648
0.213,0.784
0.255,0.908
0.25,1.02
0.2285,0.811
0.248,0.897
0.225,0.852
0.225,0.938
0.2245,0.6955
0.249,0.861
0.26,1.004
0.2565,1.0115
0.265,1.1005
0.3345,1.108
0.227,0.852
0.491,1.9875
0.293,1.079
0.2345,1.055
0.2505,1.198
0.246,1.084
0.2725,1.103
0.31,1.1
0.305,1.1015
0.345,1.3835
0.3095,1.115
0.327,1.085
0.37,1.3165
0.375,1.3415
0.176,1.027
0.335,1.1845
0.285,1.192
0.317,1.285
0.3275,1.1805
0.336,1.2655
0.344,1.2895
0.335,1.407
0.3055,1.122
0.3755,1.4465
0.36,1.349
0.351,1.269
0.3935,1.68
0.412,1.551
0.406,1.4775
0.4025,1.529
0.47,1.7585
0.4405,1.523
0.405,1.7315
0.5085,1.51
0.488,1.88
0.471,2.012
0.5285,2.201
0.0105,0.0315
0.0105,0.04
0.02,0.0635
0.031,0.0985
0.0575,0.167
0.053,0.2015
0.06,0.183
0.058,0.187
0.06,0.1795
0.058,0.2065
0.0825,0.3
0.066,0.2295
0.081,0.343
0.068,0.244
0.09,0.3075
0.0865,0.3415
0.091,0.271
0.0995,0.91
0.085,0.268
0.0765,0.2885
0.1,0.3
0.101,0.326
0.105,0.358
0.1,0.314
0.1015,0.4025
0.105,0.3645
0.14,0.4235
0.1155,0.4305
0.1185,0.3505
0.1315,0.486
0.123,0.471
0.11,0.415
0.1325,0.5195
0.172,0.5895
0.16,0.5215
0.2305,0.4475
0.1615,0.5585
0.21,0.596
0.165,0.5385
0.1805,0.7665
0.162,0.516
0.2,0.7355
0.1615,0.531
0.195,0.607
0.199,0.7055
0.2,0.6445
0.19,0.6315
0.245,0.7845
0.275,0.9475
0.225,0.712
0.236,0.89
0.205,0.912
0.203,0.656
0.2435,0.936
0.24,0.6975
0.2785,1.1465
0.245,0.825
0.251,0.72
0.29,0.8215
0.265,1.017
0.23,0.8975
0.3265,1.2255
0.25,0.9865
0.2705,0.844
0.295,0.8465
0.274,0.885
0.22,0.6735
0.225,0.8755
0.254,0.9235
0.275,0.977
0.278,1.0305
0.28,1.05
0.367,1.1145
0.24,0.877
0.315,1.285
0.29,1.3065
0.272,0.8725
0.2745,1.0265
0.307,1.1605
0.324,1.0125
0.295,1.096
0.3465,1.205
0.34,1.221
0.265,1.0005
0.3115,1.1355
0.465,1.3135
0.346,1.1955
0.3175,1.098
0.285,1.139
0.2875,1.2265
0.175,1.042
0.365,1.368
0.45,1.446
0.3745,1.4045
0.422,1.463
0.475,1.711
0.4865,1.74
0.461,1.757
0.45,1.601
0.404,2.165
0.52,2.3305
0.0155,0.0545
0.021,0.0725
0.026,0.0925
0.042,0.183
0.043,0.1525
0.0425,0.187
0.056,0.232
0.0585,0.196
0.0675,0.2545
0.077,0.2625
0.1095,0.362
0.1115,0.4445
0.123,0.511
0.1405,0.589
0.1535,0.5945
0.16,0.529
0.1985,0.872
0.1895,0.77
0.1815,0.8435
0.189,0.818
0.21,0.8035
0.2035,0.8115
0.1965,0.782
0.25,0.8745
0.27,0.984
0.2325,0.95
0.2595,1.1735
0.2765,0.976
0.31,1.0785
0.31,1.057
0.285,1.11
0.307,1.142
0.26,1.1255
0.287,1.1045
0.337,1.3405
0.25,1.082
0.3485,1.254
0.294,1.2005
0.3,1.243
0.4105,1.286
0.299,1.1665
0.319,1.144
0.405,1.385
0.385,1.309
0.331,1.527
0.371,1.6385
0.4755,1.691
0.3875,1.719
0.435,1.52
0.4945,1.613
0.5315,2.2355
0.505,2.3235
0.038,0.1245
0.0405,0.1285
0.0495,0.181
0.0455,0.1585
0.056,0.1965
0.058,0.198
0.065,0.1855
0.072,0.2145
0.088,0.3245
0.09,0.2625
0.115,0.371
0.115,0.298
0.0855,0.336
0.16,0.447
0.131,0.4085
0.174,0.587
0.1545,0.494
0.161,0.614
0.1755,0.5075
0.152,0.5445
0.2,0.6115
0.17,0.5605
0.15,0.521
0.177,0.5775
0.204,0.5935
0.16,0.597
0.255,0.9505
0.185,0.616
0.2525,0.8315
0.24,0.8725
0.246,0.8155
0.1765,0.619
0.2055,0.7595
0.208,0.742
0.244,0.804
0.21,0.664
0.2265,0.745
0.2175,0.728
0.222,0.777
0.228,0.8765
0.246,0.9895
0.23,0.9655
0.29,0.9065
0.305,1.049
0.248,0.9705
0.2895,0.92
0.287,0.9525
0.195,0.7855
0.26,0.855
0.345,1.142
0.238,0.755
0.259,0.9745
0.265,1.2015
0.265,1.1295
0.253,0.9205
0.3135,1.056
0.3605,1.34
0.2775,0.9625
0.315,1.0475
0.335,1.0915
0.3745,1.167
0.3,0.9995
0.274,1.0485
0.398,1.2735
0.2915,1.0625
0.2915,1.1545
0.3165,1.194
0.29,1.1215
0.2615,0.9335
0.3185,1.198
0.277,0.9545
0.3745,1.3585
0.3525,1.2075
0.3115,1.217
0.355,1.217
0.28,0.92
0.233,0.8765
0.3885,1.2615
0.315,1.2795
0.34,1.167
0.348,1.1885
0.406,1.3765
0.367,1.292
0.355,1.1795
0.352,1.29
0.345,1.2075
0.363,1.297
0.4395,1.4585
0.293,1.151
0.317,1.197
0.445,1.539
0.47,1.676
0.43,1.6645
0.4535,1.528
0.405,1.494
0.394,1.277
0.3605,1.5965
0.325,1.3805
0.386,1.2565
0.44,1.527
0.387,1.4005
0.425,1.4405
0.365,1.482
0.325,1.2345
0.355,1.3435
0.41,1.533
0.341,1.8445
0.44,1.825
0.5305,2.0885
0.625,2.087
0.495,1.884
0.0885,0.305
0.109,0.4295
0.097,0.449
0.313,1.029
0.2505,0.981
0.141,0.5745
0.1515,0.693
0.343,1.183
0.177,0.7905
0.2875,1.224
0.2055,0.775
0.337,1.2705
0.389,1.406
0.1965,0.873
0.1975,0.9415
0.2925,1.007
0.276,1.0835
0.2725,0.9845
0.41,1.5245
0.322,1.024
0.33,1.281
0.3315,1.148
0.2925,1.136
0.354,1.2235
0.363,1.3695
0.2835,1.006
0.266,1.307
0.416,1.463
0.326,1.2905
0.37,1.4265
0.437,1.7885
0.3685,1.6135
0.563,2.2305
0.726,2.2635
0.02,0.074
0.07,0.2075
0.08,0.237
0.084,0.2665
0.079,0.215
0.075,0.253
0.0945,0.309
0.1135,0.3535
0.115,0.335
0.12,0.3875
0.1245,0.365
0.1345,0.4045
0.135,0.372
0.1455,0.3965
0.162,0.5225
0.16,0.456
0.15,0.44
0.15,0.507
0.209,0.5285
0.165,0.572
0.196,0.6625
0.186,0.6445
0.18,0.6275
0.237,0.6885
0.159,0.6835
0.38,0.6855
0.21,0.6755
0.265,0.783
0.264,0.894
0.2475,0.768
0.2845,0.95
0.2315,0.871
0.276,0.9785
0.22,0.7425
0.237,0.737
0.24,0.9175
0.2425,0.8785
0.335,1.1275
0.235,0.9765
0.289,0.974
0.245,0.853
0.5,0.991
0.289,0.9125
0.2875,0.921
0.291,0.869
0.255,0.8665
0.384,1.089
0.29,0.9615
0.343,1.145
0.3075,0.907
0.355,1.1635
0.37,1.1955
0.4695,1.31
0.3825,1.251
0.3155,1.145
0.387,1.154
0.3015,1.1335
0.3355,1.2015
0.395,1.5595
0.364,1.3165
0.42,1.403
0.3225,1.204
0.3415,1.2895
0.401,1.5175
0.4485,1.3575
0.385,1.3645
0.406,1.494
0.545,1.664
0.4055,1.545
0.471,1.5855
0.455,1.666
0.4625,1.724
0.5965,1.908
0.48,2.073
0.017,0.0515
0.016,0.057
0.025,0.0925
0.0595,0.204
0.093,0.3075
0.0725,0.262
0.1305,0.458
0.174,0.491
0.1545,0.474
0.188,0.5805
0.235,0.728
0.184,0.622
0.1345,0.706
0.161,0.5685
0.345,0.9385
0.221,0.655
0.2505,0.9465
0.121,0.9115
0.277,0.942
0.3055,1.193
0.439,1.461
0.421,1.489
0.032,0.1115
0.0315,0.1235
0.068,0.2815
0.0725,0.226
0.075,0.2285
0.0895,0.2995
0.103,0.361
0.094,0.3045
0.1175,0.3975
0.101,0.379
0.1185,0.4995
0.1455,0.7775
0.1385,0.4705
0.203,0.751
0.208,0.714
0.223,0.6995
0.2185,0.952
0.2315,0.8755
0.2365,0.9215
0.236,0.8285
0.323,1.206
0.3245,1.2865
0.352,1.1945
0.1625,1.1655
0.3105,1.2155
0.316,1.1735
0.3815,1.532
0.3725,1.5105
0.185,0.5565
0.19,0.547
0.185,0.5165
0.265,0.764
0.19,0.488
0.23,0.6905
0.065,0.1835
0.48,0.97
0.01,0.033
0.0185,0.059
0.0065,0.046
0.355,1.3235
0.245,0.8465
0.315,1.047
0.345,1.2785
0.6855,1.8745
0.71,1.978
0.396,1.367
0.725,1.742
0.13,0.513
0.135,0.4085
0.175,0.56
0.175,0.635
0.3,0.875
0.12,0.397
0.215,0.806
0.05,0.204
0.035,0.1165
0.05,0.17
0.375,1.194
0.245,0.765
0.3805,1.151
0.22,0.6765
0.475,1.571
0.295,1.153
0.31,1.114
0.35,0.9125
0.285,0.872
0.28,0.792
0.18,0.606
0.065,0.2265
0.145,0.3955
0.235,0.61
0.165,0.539
0.195,0.657
0.0775,0.2505
0.034,0.102
0.0835,0.2685
0.206,0.551
0.52,1.307
0.29,0.9185
0.575,1.707
0.235,0.8805
0.13,0.4965
0.17,0.632
0.665,2.2695
0.24,0.9235
0.01,0.0345
0.405,1.3315
0.2,0.72
0.31,1.032
0.32,1.017
0.38,0.98
0.045,0.1495
0.05,0.1515
0.16,0.478
0.18,0.578
0.215,0.6835
0.08,0.2725
0.51,1.511
0.41,1.3035
0.49,1.3955
0.07,0.1975
0.04,0.116
0.175,0.523
0.06,0.1565
0.146,0.384
0.265,1.0055
0.335,1.1345
0.325,1.0835
0.21,0.868
0.315,1.0915
0.37,1.271
0.545,1.4985
0.125,0.388
0.365,1.2355
0.465,1.402
0.21,0.6025
0.1,0.2775
0.355,0.973
0.255,0.753
0.47,1.3765
0.115,0.375
0.119,0.4135
0.145,0.56
0.115,0.3915
0.4,1.2765
0.275,0.96
0.125,0.3745
0.265,0.696
0.365,1.2955
0.42,1.2315
0.485,1.383
0.075,0.2225
0.315,1.156
0.43,1.477
0.47,1.5715
0.29,0.858
0.395,1.4995
0.42,1.467
0.37,1.092
0.515,1.8165
0.44,1.6365
0.295,0.906
0.365,1.213
0.275,1.06
0.05,0.161
0.145,0.459
0.185,0.533
0.175,0.6175
0.11,0.366
0.13,0.4195
0.045,0.15
0.29,0.8745
0.185,0.655
0.165,0.484
0.39,1.4435
0.29,0.8775
0.37,1.3105
0.33,1.2515
0.29,0.9085
0.285,1.1705
0.16,0.528
0.185,0.6625
0.12,0.4335
0.115,0.3595
0.31,1.107
0.24,0.8595
0.255,0.7735
0.145,0.4365
0.175,0.501
0.25,0.6735
0.13,0.415
0.17,0.4775
0.215,0.5555
0.22,0.6445
0.565,1.428
0.555,1.6195
0.22,0.81
0.305,1.0385
0.28,0.9715
0.26,0.868
0.405,1.522
0.315,1.1255
0.205,0.7085
0.27,1.0185
0.225,0.72
0.193,0.6175
0.193,0.738
0.178,0.597
0.295,1.156
0.345,1.22
0.22,0.7485
0.33,1.0735
0.395,1.229
0.39,1.146
0.405,1.145
0.39,1.1055
0.49,1.67
0.52,1.555
0.265,0.9285
0.22,0.8085
0.355,1.057
0.08,0.2595
0.11,0.438
0.03,0.099
0.135,0.5085
0.355,1.166
0.155,0.507
0.215,0.6345
0.1,0.314
0.1125,0.4385
0.0655,0.195
0.184,0.451
0.03,0.084
0.008,0.0245
0.52,1.4685
0.25,0.7765
0.175,0.5425
0.1595,0.5885
0.098,0.3375
0.0725,0.2565
0.0485,0.163
0.28,0.8095
0.425,1.3655
0.275,0.967
0.225,0.6855
0.08,0.314
0.2,0.7005
0.2,0.4895
0.145,0.45
0.085,0.259
0.14,0.382
0.145,0.4435
0.42,1.6935
0.58,1.71
0.275,0.8575
0.264,0.97
0.1845,0.59
0.112,0.34
0.1345,0.385
0.212,0.515
0.23,0.59
0.198,0.51
0.104,0.3005
0.165,0.683
0.17,0.468
0.18,0.4075
0.185,0.584
0.205,0.829
0.158,0.4545
0.125,0.4385
0.13,0.407
0.085,0.3085
0.07,0.239
0.035,0.106
0.315,1.178
0.335,1.073
0.09,0.306
0.09,0.301
0.19,0.7585
0.055,0.171
0.12,0.3625
0.03,0.0905
0.375,1.0885
0.335,1.097
0.37,1.278
0.135,0.44
0.055,0.163
0.195,0.522
0.29,0.9715
0.155,0.588
0.125,0.5325
0.04,0.127
0.031,0.0815
0.057,0.1635
0.031,0.1
0.009,0.0265
0.325,0.9955
0.19,0.6605
0.22,0.721
0.045,0.1485
0.125,0.487
0.26,0.955
0.31,0.873
0.335,1.65
0.33,1.1285
0.26,1.1115
0.305,0.9745
0.41,1.4605
0.32,1.0105
0.3,1.0765
0.385,1.2225
0.34,1.616
0.1945,0.559
0.07,0.2205
0.13,0.44
0.25,0.879
0.2495,0.6815
0.215,0.5795
0.075,0.209
0.075,0.224
0.05,0.1765
0.064,0.196
0.053,0.192
0.09,0.3095
0.093,0.313
0.0915,0.3595
0.1,0.3855
0.184,0.5785
0.185,0.674
0.148,0.5265
0.337,1.0315
0.218,0.9
0.265,1.0165
0.371,1.2495
0.28,1.1685
0.37,1.148
0.292,1.089
0.2785,1.0325
0.316,1.172
0.409,1.3715
0.43,1.5055
0.5,1.9045
0.5235,2.4925
0.0215,0.0805
0.03,0.111
0.045,0.152
0.06,0.199
0.065,0.219
0.063,0.2155
0.0645,0.2565
0.075,0.257
0.075,0.2505
0.075,0.279
0.09,0.378
0.131,0.456
0.14,0.5055
0.126,0.4705
0.135,0.643
0.13,0.513
0.145,0.569
0.1645,0.578
0.151,0.596
0.146,0.5725
0.161,0.6435
0.2,0.8115
0.1915,0.7115
0.25,0.9155
0.2155,0.8815
0.225,0.931
0.2815,1.065
0.31,1.1385
0.315,1.234
0.3455,1.2635
0.29,1.0745
0.365,1.403
0.2825,1.1325
0.345,1.1115
0.405,1.255
0.475,1.437
0.295,1.3635
0.353,1.1435
0.354,1.4545
0.372,1.478
0.4265,1.6885
0.565,2.0725
0.529,1.787
0.4375,1.523
0.014,0.021
0.013,0.0455
0.06,0.2435
0.0765,0.2675
0.0815,0.258
0.075,0.2985
0.1,0.411
0.09,0.38
0.12,0.4385
0.109,0.4015
0.123,0.4485
0.139,0.4155
0.1845,0.7095
0.128,0.637
0.3065,1.1155
0.1485,0.599
0.1535,0.5345
0.183,0.627
0.2185,0.7465
0.27,0.985
0.23,0.85
0.23,0.838
0.2215,0.812
0.1955,0.7615
0.225,0.87
0.22,0.9835
0.255,0.929
0.289,1.0155
0.268,0.939
0.335,1.164
0.325,1.214
0.348,1.1345
0.322,1.233
0.3135,1.0815
0.271,1.179
0.32,1.1635
0.288,1.1545
0.355,1.3345
0.38,1.469
0.355,1.492
0.385,1.5585
0.4085,1.3275
0.43,1.6615
0.42,1.492
0.461,1.7365
0.398,1.6605
0.4535,1.348
0.449,1.7405
0.468,1.7185
0.0125,0.041
0.02,0.0655
0.0305,0.097
0.038,0.131
0.0505,0.1695
0.054,0.192
0.0575,0.1765
0.056,0.1735
0.054,0.1785
0.0585,0.2055
0.0625,0.2345
0.0775,0.2305
0.087,0.314
0.08,0.33
0.08,0.2775
0.1065,0.405
0.098,0.309
0.1315,0.4385
0.125,0.396
0.12,0.3615
0.14,0.514
0.1205,0.4265
0.11,0.384
0.142,0.4865
0.125,0.4355
0.14,0.498
0.15,0.494
0.1375,0.594
0.1645,0.528
0.1535,0.5585
0.1855,0.636
0.16,0.567
0.19,0.6615
0.198,0.658
0.2365,0.78
0.1975,0.6075
0.2,0.7025
0.2425,0.8725
0.308,1.2365
0.277,1.186
0.2365,0.7745
0.223,0.8875
0.285,0.8725
0.1965,0.8515
0.271,0.895
0.2575,0.886
0.27,0.9265
0.238,0.8295
0.2445,0.907
0.279,1.041
0.259,0.9355
0.294,1.058
0.2425,0.7955
0.3205,1.0805
0.275,0.928
0.39,1.059
0.36,1.157
0.31,1.088
0.239,0.776
0.31,1.043
0.29,1.1415
0.319,1.3335
0.374,1.273
0.39,1.1835
0.302,1.2135
0.325,1.0315
0.365,1.3695
0.369,1.3745
0.4115,1.463
0.432,1.6275
0.3095,1.3875
0.405,1.46
0.4,1.2835
0.335,1.3765
0.401,1.6465
0.325,1.265
0.465,1.56
0.445,1.6
0.6195,2.333
0.009,0.028
0.0675,0.226
0.077,0.2855
0.1025,0.325
0.126,0.514
0.1395,0.5755
0.148,0.5805
0.119,0.678
0.228,0.8035
0.2065,0.913
0.215,0.8675
0.27,1.0425
0.365,1.14
0.3045,1.3475
0.31,1.0735
0.3285,1.4335
0.371,1.304
0.228,0.9505
0.38,1.385
0.32,1.12
0.315,1.2645
0.333,1.275
0.335,1.27
0.405,1.583
0.37,1.4355
0.3905,1.42
0.48,1.5955
0.4305,1.89
0.5675,2.037
0.029,0.084
0.035,0.1005
0.0365,0.1285
0.044,0.1345
0.035,0.1195
0.055,0.1895
0.0825,0.257
0.078,0.2745
0.105,0.342
0.125,0.344
0.1,0.3275
0.13,0.4035
0.1455,0.4075
0.14,0.4975
0.125,0.3685
0.127,0.4175
0.135,0.4425
0.1355,0.4225
0.151,0.426
0.1745,0.511
0.195,0.573
0.171,0.6385
0.168,0.657
0.2225,0.8735
0.215,0.781
0.208,0.6765
0.215,0.769
0.195,0.6235
0.19,0.7315
0.2595,0.8075
0.212,0.737
0.205,0.654
0.236,0.7915
0.24,0.753
0.221,0.717
0.247,0.783
0.217,0.872
0.239,0.983
0.32,1.034
0.2845,0.9855
0.265,0.7635
0.28,0.9895
0.287,0.9365
0.2575,0.964
0.3085,1.0455
0.279,1.081
0.305,1.012
0.309,1.122
0.3555,1.1245
0.35,1.1345
0.2935,1.0805
0.317,1.0835
0.317,1.242
0.332,1.3915
0.35,1.085
0.284,0.966
0.305,1.0855
0.3605,1.3025
0.3315,1.15
0.31,1.217
0.375,1.306
0.405,1.273
0.425,1.4865
0.36,1.3655
0.399,1.276
0.32,1.2075
0.3825,1.281
0.4355,1.4275
0.385,1.155
0.3885,1.35
0.4,1.3685
0.398,1.431
0.339,1.261
0.47,1.764
0.358,1.278
0.3315,1.217
0.4165,1.46
0.4,1.5575
0.341,1.527
0.425,1.4985
0.4895,1.885
0.46,1.432
0.462,1.4385
0.44,1.564
0.434,2.14
0.435,1.792
0.6745,2.548
0.0465,0.1585
0.1255,0.4015
0.128,0.465
0.067,0.2885
0.164,0.6475
0.184,0.6485
0.1035,0.452
0.1325,0.4915
0.273,0.9145
0.2475,0.976
0.2455,0.7865
0.185,0.775
0.255,0.8415
0.17,0.681
0.146,0.6145
0.311,1.1655
0.4095,1.764
0.271,1.1215
0.345,1.167
0.283,1.0375
0.3375,1.223
0.287,1.124
0.355,1.2635
0.3005,1.238
0.3235,1.4045
0.407,1.37
0.4525,1.8185
0.516,1.7525
0.034,0.101
0.034,0.106
0.0615,0.1865
0.086,0.2575
0.091,0.3225
0.123,0.32
0.145,0.4155
0.11,0.3935
0.1435,0.4775
0.13,0.452
0.1465,0.5065
0.165,0.5525
0.179,0.565
0.1945,0.699
0.21,0.6055
0.2595,0.7905
0.22,0.702
0.1825,0.675
0.148,0.475
0.1895,0.612
0.22,0.705
0.265,0.728
0.2735,0.846
0.275,0.86
0.2695,0.8875
0.245,0.898
0.21,0.6545
0.26,0.795
0.235,1.0535
0.2985,0.927
0.2255,0.701
0.2445,0.8275
0.2875,0.9845
0.265,0.9565
0.245,0.86
0.314,1.1785
0.33,1.2205
0.2655,0.9685
0.343,1.107
0.306,1.1305
0.3175,1.2555
0.345,1.177
0.335,1.2425
0.354,1.09
0.315,1.072
0.342,1.129
0.39,1.2075
0.37,1.227
0.45,1.472
0.456,1.5785
0.374,1.4755
0.512,1.5545
0.45,1.593
0.5295,1.8995
0.465,1.361
0.44,1.4575
0.488,2.381
0.014,0.0495
0.05,0.1455
0.0355,0.129
0.064,0.2255
0.0975,0.359
0.1,0.3505
0.1325,0.5885
0.175,0.623
0.17,0.5375
0.175,0.5655
0.24,0.8625
0.344,1.137
0.07,0.221
0.21,0.2425
0.0965,0.386
0.1395,0.5315
0.153,0.562
0.2245,0.836
0.2515,0.9275
0.2735,0.8815
0.3305,1.03
0.356,1.1685
0.274,1.059
0.296,1.127
0.3945,1.1665
0.4575,1.541
0.4285,1.7825
0.374,1.543
0.431,1.47
0.235,0.6335
0.275,0.754
0.17,0.4485
0.24,0.8105
0.085,0.22
0.175,0.4425
0.105,0.3555
0.005,0.034
0.055,0.185
0.19,0.79
0.245,0.8255
0.205,0.62
0.32,0.9525
0.27,0.955
0.355,0.91
0.145,0.416
0.08,0.2045
0.159,0.515
0.453,1.604
0.1025,0.3435
0.1035,0.3005
0.285,0.8255
0.275,0.785
0.255,0.9685
0.255,0.731
0.135,0.4405
0.055,0.1785
0.49,1.373
0.37,0.9765
0.265,1.018
0.19,1.082
0.49,1.423
0.185,0.655
0.445,1.4155
0.05,0.1385
0.285,0.782
0.195,0.717
0.195,0.6355
0.135,0.3975
0.205,0.656
0.25,0.744
0.13,0.447
0.17,0.578
0.05,0.1405
0.25,0.708
0.05,0.1385
0.365,0.8615
0.41,1.626
0.155,0.478
0.295,1.1775
0.09,0.286
0.3,1.058
0.495,1.5415
0.195,0.817
0.045,0.152
0.11,0.335
0.17,0.4915
0.255,0.9705
0.235,0.9315
0.43,1.221
0.185,0.7365
0.355,0.97
0.295,0.8085
0.165,0.4075
0.215,0.6295
0.39,1.053
0.56,1.829
0.345,1.1765
0.275,0.8765
0.005,0.0145
0.1085,0.476
0.1775,0.813
0.005,0.018
0.36,1.064
0.35,0.853
0.07,0.219
0.02,0.0635
0.185,0.6275
0.145,0.441
0.12,0.458
0.168,0.4745
0.075,0.216
0.205,0.6765
0.215,0.757
0.26,0.7325
0.275,1.0285
0.225,0.712
0.33,1.066
0.345,1.3065
0.275,0.8545
0.043,0.125
0.08,0.2225
0.253,0.6955
0.09,0.266
0.225,0.7105
0.155,0.487
0.19,0.728
0.18,0.6675
0.655,2.0495
0.425,1.498
0.47,1.597
0.3,0.8605
0.185,0.541
0.018,0.058
0.0215,0.0645
0.26,0.77
0.21,0.541
0.295,0.739
0.07,0.205
0.25,0.8695
0.19,0.6555
0.355,1.0905
0.18,0.6295
0.4,1.0985
0.375,0.991
0.019,0.0615
0.25,0.8005
0.19,0.6175
0.23,0.772
0.27,0.7155
0.255,0.717
0.225,0.6355
0.047,0.18
0.184,0.5805
0.133,0.556
0.1775,0.591
0.22,0.686
0.263,1.016
0.3345,1.438
0.515,1.807
0.4305,1.777
0.496,2.173
0.585,2.1505
0.0305,0.118
0.03,0.099
0.035,0.1365
0.035,0.1295
0.045,0.164
0.08,0.2875
0.082,0.277
0.07,0.248
0.066,0.252
0.097,0.4015
0.1025,0.3905
0.105,0.409
0.119,0.4095
0.1405,0.494
0.135,0.4905
0.169,0.599
0.155,0.6245
0.18,0.7745
0.275,0.9795
0.2515,0.8915
0.225,0.874
0.33,1.262
0.322,1.21
0.34,1.37
0.547,1.759
0.3445,1.3855
0.5055,1.8065
0.4505,1.5945
0.3725,1.4545
0.5755,2.003
0.621,2.2385
0.01,0.032
0.02,0.0785
0.3505,0.134
0.062,0.2075
0.055,0.2235
0.083,0.34
0.1325,0.5365
0.135,0.635
0.1525,0.562
0.1555,0.597
0.17,0.5815
0.2015,0.7545
0.247,0.98
0.2515,1.0035
0.305,1.133
0.265,1.146
0.245,1.142
0.286,1.12
0.255,1.011
0.323,1.131
0.285,1.065
0.225,1.181
0.37,1.382
0.178,1.4385
0.3,1.2275
0.335,1.4415
0.4295,1.473
0.4715,1.658
0.4705,1.7475
0.03,0.096
0.0505,0.1445
0.055,0.1965
0.0605,0.196
0.0655,0.2155
0.0925,0.2805
0.0965,0.334
0.109,0.366
0.1075,0.4965
0.18,0.651
0.172,0.5125
0.1805,0.6925
0.182,0.5995
0.1985,0.74
0.19,0.702
0.21,0.672
0.235,0.811
0.275,0.9585
0.215,0.858
0.236,0.9575
0.275,0.926
0.239,0.873
0.301,0.998
0.269,0.6655
0.28,1.003
0.35,1.234
0.34,1.025
0.355,1.2935
0.305,1.0565
0.3245,1.7855
0.36,1.2255
0.35,1.2565
0.31,1.159
0.4545,1.403
0.499,1.826
0.437,1.7715
0.1415,0.6125
0.174,0.658
0.278,0.911
0.3,1.1955
0.35,1.336
0.305,1.36
0.072,0.2325
0.0935,0.317
0.0935,0.318
0.085,0.2645
0.1185,0.4055
0.145,0.524
0.149,0.464
0.1305,0.439
0.19,0.5805
0.169,0.622
0.216,0.7805
0.2615,0.772
0.206,0.741
0.225,0.8265
0.19,0.7275
0.2095,0.7005
0.2725,0.9355
0.3095,1.1815
0.3,1.0145
0.31,1.1
0.3,1.218
0.24,0.874
0.2755,0.984
0.298,1.0105
0.27,1.0765
0.37,1.337
0.3705,1.3705
0.3855,1.7015
0.37,1.2435
0.3555,1.4135
0.35,1.073
0.39,1.477
0.37,1.2915
0.355,1.3105
0.381,1.4915
0.37,1.494
0.386,1.1965
0.48,1.672
0.506,1.9125
0.475,1.907
0.5385,1.79
0.48,1.7495
0.086,0.3415
0.126,0.519
0.139,0.5305
0.3795,1.2825
0.1785,0.7165
0.4525,1.6645
0.2,0.837
0.209,0.9645
0.2585,1.1
0.2785,1.2415
0.3315,1.3185
0.3865,1.3455
0.042,0.1185
0.077,0.197
0.15,0.4725
0.15,0.4495
0.1765,0.557
0.165,0.516
0.185,0.709
0.252,0.7385
0.26,0.7935
0.255,0.9205
0.24,0.7655
0.263,0.824
0.2575,0.83
0.315,0.985
0.251,0.997
0.271,0.914
0.335,1.13
0.32,1.0805
0.325,1.105
0.335,1.229
0.347,1.2355
0.424,1.2395
0.43,1.357
0.365,1.402
0.405,1.359
0.508,1.669
0.657,1.7405
0.385,1.51
0.445,1.6645
0.355,2.0505
0.03,0.124
0.046,0.14
0.041,0.1695
0.0615,0.218
0.11,0.384
0.0885,0.393
0.115,0.3805
0.146,0.4895
0.155,0.5135
0.14,0.4495
0.259,0.8025
0.3,1.053
0.2845,0.9945
0.092,0.3175
0.079,0.344
0.081,0.2845
0.088,0.3035
0.156,0.499
0.1535,0.577
0.1765,0.615
0.1815,0.791
0.2405,0.8395
0.229,0.8675
0.249,0.887
0.2605,0.966
0.308,1.176
0.296,1.0945
0.495,1.9485
